<?xml version="1.0" encoding="UTF-8"?> 
<project>                                  
  <executable name="Assignment_2.elf">                 
    <memory name="program">              
      <units>bytes</units>                 
      <length>32768</length>                 
      <used>1784</used>                     
      <free>30984</free>                     
    </memory>                              
    <memory name="data">                 
      <units>bytes</units>                 
      <length>2048</length>                 
      <used>2</used>                     
      <free>2046</free>                     
    </memory>                              
  </executable>                            
</project>                                 
